,image,language
0,[121 121 120 ... 145 143 141],cyrillic
1,[161 161 161 ... 170 169 169],cyrillic
2,[15 15 16 ... 46 43 44],arabic
3,[ 8  6  6 ... 13  7  7],arabic
4,[27 28 28 ...  2  2  2],arabic
5,[255 255 255 ... 255 255 255],english
6,[ 86  86  89 ... 121 119 110],cyrillic
7,[255 255 255 ... 254 233 249],english
8,[255 255 255 ... 255 255 255],cyrillic
9,[34 34 35 ... 18 19 23],arabic
10,[255 255 255 ... 255 255 255],english
11,[101 101  99 ...  97  96  96],cyrillic
12,[255 255 255 ... 255 255 255],english
13,[254 254 254 ... 255 255 255],cyrillic
14,[112 110 104 ...  74  73  75],arabic
15,[255 255 255 ... 255 255 255],cyrillic
16,[115 117 109 ...  92  95  94],cyrillic
17,[255 255 255 ... 255 255 255],english
18,[161 161 159 ... 137 138 140],arabic
19,[37 86 82 ... 26 38 41],arabic
20,[134 132 129 ... 131 132 131],cyrillic
21,[152 148 151 ... 161 156 124],cyrillic
22,[168 164 161 ... 162 166 167],cyrillic
23,[167 179 168 ... 161 166 163],cyrillic
24,[227 105 113 ... 255 255 255],cyrillic
25,[122 128 139 ...  47  39  37],arabic
26,[253 255 255 ... 252 252 252],cyrillic
27,[207 207 207 ... 252 252 252],cyrillic
28,[252 252 252 ... 252 252 252],cyrillic
29,[252 252 252 ... 252 252 252],cyrillic
30,[144 143 141 ... 137 137 137],cyrillic
31,[255 255 255 ... 255 255 255],english
32,[255 255 255 ... 255 255 255],cyrillic
33,[252 252 252 ... 252 252 252],cyrillic
34,[ 65  63  63 ... 166 166 167],arabic
35,[177 184 192 ...  31  29  26],arabic
36,[ 59  48 113 ...  18  22  17],arabic
37,[21 29 74 ... 92 85 78],arabic
38,[219 217 213 ... 224 222 221],cyrillic
39,[151 152 151 ...   3   3   3],arabic
40,[191 191 189 ... 179 178 180],cyrillic
41,[18 18 19 ... 11 15 20],arabic
42,[255 255 255 ... 255 255 255],cyrillic
43,[255 255 255 ... 255 255 255],english
44,[255 255 255 ... 255 255 255],cyrillic
45,[208 206 206 ...  56  54  54],arabic
46,[253 254 254 ...  55  40  53],arabic
47,[13 26 20 ... 44 43 33],arabic
48,[255 255 255 ... 255 255 255],english
49,[244 244 243 ... 244 237 240],english
50,[255 255 255 ... 255 255 255],english
51,[255 255 255 ... 255 255 255],english
52,[163 162 164 ... 184 179 181],cyrillic
53,[147 147 149 ... 138 139 139],cyrillic
54,[255 255 255 ... 255 255 255],english
55,[255 255 255 ... 255 255 255],english
56,[104 101 102 ...  82  81  79],arabic
57,[52 54 54 ... 19 18 18],arabic
58,[76 77 80 ... 68 65 75],arabic
59,[223 253 252 ... 255 255 255],english
60,[255 255 255 ... 255 255 255],english
61,[255 255 255 ... 255 255 255],english
62,[ 1  2  6 ... 13 15 14],arabic
63,[ 77  78  77 ... 110 110 110],arabic
64,[253 253 253 ... 255 255 255],english
65,[115 163 166 ... 157 157 158],arabic
66,[220 220 220 ...  80  76  76],arabic
67,[123 124 125 ...  66  69 111],cyrillic
68,[117 122 127 ... 129 132 133],cyrillic
69,[129 131 136 ... 119 117 117],arabic
70,[15 16 15 ... 18 18 18],arabic
71,[255 255 255 ... 255 255 255],english
72,[255 255 255 ... 255 255 255],english
73,[45 46 46 ... 46 52 34],arabic
74,[255 255 255 ... 255 255 255],english
75,[148 147 148 ... 138 145 141],cyrillic
76,[255 255 255 ... 255 255 255],english
77,[255 255 255 ... 255 255 255],english
78,[85 80 82 ... 49 48 46],arabic
79,[255 255 255 ... 255 255 255],english
80,[112 112 111 ... 126 126 124],cyrillic
81,[164 178 184 ...  17  12   8],arabic
82,[55 51 51 ... 27 26 26],arabic
83,[255 255 255 ... 255 255 255],english
84,[245 248 208 ... 255 255 255],english
85,[65 65 56 ... 25 20 12],arabic
86,[255 255 255 ... 255 255 255],english
87,[255 255 255 ... 254 255 255],english
88,[255 255 255 ... 255 255 237],english
89,[255 255 255 ... 255 255 255],english
90,[255 255 255 ... 255 255 255],cyrillic
91,[90 90 95 ... 24 28 34],arabic
92,[202 202 202 ... 108 107 107],arabic
93,[175 173 176 ... 197 196 200],cyrillic
94,[213 215 215 ... 202 204 201],cyrillic
95,[ 62 139 170 ...  53  53  62],arabic
96,[134 129 148 ...  16  14  14],arabic
97,[6 6 6 ... 1 1 1],arabic
98,[193 199 213 ... 196 196 192],cyrillic
99,[171 171 171 ... 195 197 197],arabic
100,[255 255 255 ... 255 255 255],english
101,[233 189 255 ... 238 224 248],english
102,[154 159 159 ... 147 148 148],cyrillic
103,[240 243 241 ... 240 240 240],cyrillic
104,[4 4 4 ... 2 2 2],arabic
105,[241 241 241 ...  26  26  26],arabic
106,[0 0 0 ... 0 0 0],arabic
107,[240 181  68 ... 242 248 248],cyrillic
108,[131 130 130 ... 126 126 125],arabic
109,[255 255 255 ... 255 255 255],english
110,[156 156 155 ... 116 123 119],arabic
111,[252 253 254 ... 254 254 254],cyrillic
112,[250 254 213 ... 255 255 255],english
113,[230 231 232 ...  50  58  57],arabic
114,[132 123 115 ...  97  92  93],arabic
115,[34 40 50 ...  7  7  8],arabic
116,[255 255 255 ... 255 255 255],english
117,[121 123 128 ... 160 161 162],arabic
118,[ 27  34  36 ... 255 255 255],arabic
119,[135 135 134 ... 135 135 135],cyrillic
120,[255 255 255 ... 255 243 229],english
121,[194 188 187 ... 194 194 190],cyrillic
122,[139 104 141 ... 147 149 148],cyrillic
123,[128 126 120 ...  56  65  72],arabic
124,[ 59  60  61 ... 113 111  99],arabic
125,[180 180 180 ... 180 180 178],cyrillic
126,[134  88  74 ... 163 166 170],cyrillic
127,[255 255 255 ... 255 255 255],english
128,[255 255 255 ... 255 255 255],cyrillic
129,[  2   2   2 ... 159 158 157],arabic
130,[251 247 244 ... 255 255 255],cyrillic
131,[235 234 234 ... 153 152 152],arabic
132,[105 106 104 ...  92  92  90],cyrillic
133,[255 255 255 ... 255 255 253],cyrillic
134,[251 255 188 ... 255 255 255],english
135,[172 171 172 ... 154 153 153],arabic
136,[ 45  45  47 ... 153 153 153],arabic
137,[64 59 64 ...  2  5  4],arabic
138,[255 255 255 ... 255 255 255],english
139,[143  95  26 ...  84  89  78],arabic
140,[ 66 100 108 ... 189 189 190],cyrillic
141,[157 160 160 ...  43  27  15],arabic
142,[104 102 103 ... 115 113 112],cyrillic
143,[19 22 22 ... 52 46 43],arabic
144,[255 255 255 ... 255 255 255],english
145,[254 249 240 ... 255 255 255],cyrillic
146,[255 255 255 ... 255 255 255],english
147,[ 40  75  60 ... 154 153 154],cyrillic
148,[ 99 101 101 ...  97  92  87],arabic
149,[255 255 255 ... 255 255 255],english
150,[171 167 169 ... 152 151 154],cyrillic
151,[170 171 172 ... 208 210 212],cyrillic
152,[255 255 255 ... 255 255 255],english
153,[162 157 149 ... 154 162 153],cyrillic
154,[255 196  73 ... 255 255 255],english
155,[ 86  89  99 ... 139 155 165],cyrillic
156,[250 252 252 ... 218 230 250],cyrillic
157,[121 122 122 ...  97  96  93],arabic
158,[153 157 157 ... 121 121 121],arabic
159,[ 93  93  93 ...  86 107  97],arabic
160,[51 39 46 ... 82 79 80],arabic
161,[82 41 25 ... 20 20 20],arabic
162,[255 255 255 ... 255 253 252],cyrillic
163,[236 224 249 ... 247 228 236],cyrillic
164,[ 61  62  62 ... 137 120 102],arabic
165,[ 85  82  60 ... 119 175 173],arabic
166,[124 126 126 ... 131 134 136],cyrillic
167,[148 148 149 ... 152 153 153],cyrillic
168,[251 247 229 ... 255 255 255],english
169,[2 2 2 ... 4 4 3],arabic
170,[ 46  47  49 ... 161 137 171],arabic
171,[105 105 104 ...  92  92  92],cyrillic
172,[250 253 210 ... 236 228 250],english
173,[255 255 255 ... 255 255 255],english
174,[29 31 32 ... 73 73 87],arabic
175,[30 28 29 ...  9  9  9],arabic
176,[240 241 254 ... 251 252 255],cyrillic
177,[255 255 255 ... 255 255 255],english
178,[21 21 23 ... 22 20 19],arabic
179,[202 203 201 ... 211 212 211],cyrillic
180,[186 186 187 ...  12  12  12],arabic
181,[255 255 255 ... 255 255 255],english
182,[  9   9   9 ... 172 172 172],arabic
183,[ 5  5  5 ... 53 46 30],arabic
184,[252 252 252 ... 252 252 252],cyrillic
185,[255 255 255 ... 181 251 255],english
186,[255 255 255 ... 255 255 255],english
187,[ 4  3  3 ...  5  9 10],arabic
188,[211 189 148 ... 209 210 211],cyrillic
189,[252 252 252 ... 252 252 252],cyrillic
190,[214 124 111 ... 255 255 255],english
191,[255 255 255 ... 255 255 255],english
192,[144 142 141 ... 134 128 132],cyrillic
193,[177 178 181 ... 163 161 159],cyrillic
194,[255 255 255 ... 255 255 255],english
195,[65 35 18 ... 36 22 16],arabic
196,[255 255 255 ... 255 255 255],english
197,[112 124 122 ...  93  98 101],arabic
198,[255 255 255 ... 255 255 255],english
199,[20 13 12 ... 12 13 13],arabic
200,[255 255 255 ... 255 255 255],english
201,[255 255 255 ... 255 255 255],english
202,[76 90 66 ... 35 48 28],arabic
203,[177 181 182 ...  64  65  69],arabic
204,[255 255 255 ... 255 255 255],cyrillic
205,[181 191 248 ... 255 255 255],english
206,[59 59 59 ... 63 68 81],arabic
207,[255 255 255 ... 255 255 255],english
208,[91 91 90 ... 48 48 47],arabic
209,[254 244 201 ... 255 255 255],english
210,[117 111  92 ...  48  51  54],arabic
211,[170 170 169 ... 168 169 170],cyrillic
212,[255 255 255 ... 249 242 172],english
213,[166 164 167 ...  81  77  83],cyrillic
214,[40 35 34 ... 37 36 36],arabic
215,[129 129 128 ... 123 123 118],arabic
216,[132 134 133 ... 175 179 178],cyrillic
217,[174 172 173 ... 149 147 146],arabic
218,[131 129 128 ... 116 113 126],cyrillic
219,[174 176 181 ...   2   2   2],arabic
220,[167 168 168 ... 186 188 191],cyrillic
221,[248 221 251 ... 255 255 255],english
222,[111 157 251 ... 255 255 255],english
223,[255 255 255 ... 255 255 255],english
224,[15 16 16 ... 79 94 96],arabic
225,[19 13 12 ... 10  1  1],arabic
226,[ 7  8  8 ... 41 52 57],arabic
227,[55 60 52 ... 33 30 28],arabic
228,[158 160 162 ... 152 157 158],cyrillic
229,[118 115 109 ... 104 105 105],cyrillic
230,[154 154 152 ... 174 167 173],cyrillic
231,[ 7  7  7 ... 17 16 16],arabic
232,[243 243 238 ... 196 218 229],english
233,[111 112 110 ... 121 124 119],cyrillic
234,[219 215 219 ... 203 226 224],cyrillic
235,[183 183 183 ... 120 166 181],cyrillic
236,[130 130 130 ... 255 255 255],cyrillic
237,[135 135 135 ... 121 118 117],cyrillic
238,[255 255 255 ... 241 231 225],cyrillic
239,[228 226 221 ... 223 227 200],cyrillic
240,[255 255 255 ... 255 255 255],english
241,[148 170 161 ... 150 145 146],cyrillic
242,[255 255 255 ... 255 255 255],english
243,[ 80  93 103 ... 118 115 111],arabic
244,[255 255 255 ... 255 255 255],english
245,[255 255 255 ... 255 255 255],english
246,[157 158 156 ... 125 121 113],cyrillic
247,[255 255 255 ... 255 255 255],cyrillic
248,[255 255 255 ... 255 255 255],cyrillic
249,[255 255 255 ... 255 255 255],english
250,[237 252 252 ... 253 253 253],cyrillic
251,[21 25 28 ... 10 10 10],arabic
252,[159 150 152 ... 189 182 171],cyrillic
253,[251 251 254 ... 255 255 255],english
254,[238 238 236 ... 220 224 222],cyrillic
255,[255 255 255 ... 255 255 255],english
256,[ 25  29  34 ... 116 120 104],arabic
257,[255 255 255 ... 249 245 251],english
258,[255 255 255 ... 252 221 172],english
259,[117 117 116 ... 154 154 154],cyrillic
260,[128 128 121 ...  82  57 124],cyrillic
261,[ 62  68  69 ... 102  99 101],arabic
262,[255 255 255 ... 255 255 255],english
263,[255 255 255 ... 255 255 255],english
264,[136 135 134 ... 120 119 119],cyrillic
265,[252 252 252 ... 252 252 252],cyrillic
266,[156 237 255 ... 255 255 255],english
267,[22 25 30 ... 63 62 55],arabic
268,[184 173 179 ... 153 138 146],cyrillic
269,[255 255 255 ... 255 255 255],english
270,[121 111 106 ... 107 108 110],arabic
271,[23 36 46 ... 23 49 69],arabic
272,[12 33 93 ... 47 48 48],arabic
273,[ 92 124 166 ... 166 163 162],cyrillic
274,[255 255 255 ... 255 255 255],english
275,[254 254 254 ... 253 252 251],cyrillic
276,[231 228 217 ... 245 245 243],cyrillic
277,[254 254 254 ... 251 253 253],cyrillic
278,[71 69 70 ... 42 42 12],arabic
279,[255 252 255 ... 255 255 255],cyrillic
280,[255 255 255 ... 255 255 255],cyrillic
281,[156 158 169 ... 184 182 181],cyrillic
282,[ 52  62 248 ... 255 255 255],cyrillic
283,[255 255 255 ... 234 249 251],english
284,[157 157 157 ... 159 152 141],arabic
285,[255 255 255 ... 255 255 255],english
286,[34 97 87 ... 66 65 67],arabic
287,[155 150 153 ... 114 116 126],cyrillic
288,[10 12 15 ...  4  4  4],arabic
289,[242 242 242 ... 184 193 204],cyrillic
290,[255 255 255 ... 255 255 255],english
291,[255 254 254 ... 255 255 255],cyrillic
292,[20 21 27 ... 55 54 53],arabic
293,[132 130 127 ... 117 137 144],cyrillic
294,[181 247 255 ... 255 255 255],english
295,[255 255 255 ... 255 255 255],english
296,[255 255 255 ... 255 255 255],english
297,[252 252 252 ... 252 252 252],cyrillic
298,[254 245 242 ... 254 254 254],cyrillic
299,[255 255 255 ... 255 255 255],english
300,[ 2  2  3 ... 20 19 22],arabic
301,[207 133 117 ... 255 255 255],english
302,[255 255 255 ... 255 255 255],cyrillic
303,[141 132 125 ... 131 122 115],cyrillic
304,[133 136 138 ...  23  27  28],arabic
305,[2 2 2 ... 2 2 2],arabic
306,[125 148 149 ... 171 171 166],cyrillic
307,[151 152 147 ... 153 153 157],cyrillic
308,[255 255 255 ... 255 255 255],english
309,[38 33 45 ... 15 13 23],arabic
310,[39 35 30 ... 28 26 26],arabic
311,[153 154 153 ... 145 150 157],cyrillic
312,[15 15 14 ... 18 16 18],arabic
313,[255 255 255 ... 255 255 255],english
314,[114 115 117 ...  44   8  69],cyrillic
315,[255 255 255 ... 255 255 255],english
316,[160 235 253 ... 255 255 255],english
317,[255 255 255 ... 255 255 255],english
318,[ 26  26  28 ... 105 102  93],arabic
319,[255 255 255 ... 255 255 255],cyrillic
320,[107  90 101 ... 255 255 255],english
321,[254 254 255 ... 255 255 255],cyrillic
322,[255 255 255 ... 255 255 255],english
323,[255 255 255 ... 255 255 255],english
324,[255 255 255 ... 255 255 255],english
325,[151 142 147 ... 188 188 188],cyrillic
326,[122 126 126 ...  88  78  76],arabic
327,[255 255 255 ... 255 255 255],cyrillic
328,[ 97 101  88 ...  74  72  99],arabic
329,[87 89 91 ... 20 21 21],arabic
330,[161 161 162 ... 148 151 186],cyrillic
331,[255 255 255 ... 255 255 255],english
332,[103 103 103 ... 113 114 114],cyrillic
333,[255 255 255 ... 255 255 255],english
334,[245 248 243 ... 255 255 255],english
335,[181 177 179 ... 175 175 174],cyrillic
336,[12 12 15 ... 38 48 39],arabic
337,[ 10  10  10 ... 255 255 255],arabic
338,[255 255 255 ... 255 255 255],english
339,[255 255 255 ... 255 255 255],english
340,[139 142 143 ...  46  52  36],arabic
341,[255 255 255 ... 255 255 255],english
342,[255 255 255 ... 254 254 255],cyrillic
343,[126 138 144 ... 165 165 158],cyrillic
344,[195 193 193 ... 206 203 199],cyrillic
345,[255 255 255 ... 255 255 255],english
346,[31 32 31 ... 65 63 59],arabic
347,[255 255 255 ... 255 255 255],english
348,[66 72 75 ... 41 41 38],arabic
349,[160 159 159 ... 159 160 163],cyrillic
350,[22 21 21 ... 19 19 19],arabic
351,[248 246 246 ... 255 255 255],english
352,[ 13  10   8 ... 201 201 200],arabic
353,[205 206 204 ... 196 194 194],cyrillic
354,[255 255 255 ... 255 255 221],english
355,[255 255 255 ... 255 255 255],english
356,[255 255 255 ... 255 255 255],english
357,[245 154 211 ... 255 255 255],english
358,[251 249 249 ... 255 255 255],english
359,[141 146 134 ...  89  88  86],arabic
360,[251 251 251 ... 255 255 255],english
361,[255 255 255 ... 255 255 255],english
362,[255 255 255 ... 222 217 217],cyrillic
363,[130 135 133 ... 146 144 146],cyrillic
364,[140 139 140 ... 122 123 121],cyrillic
365,[255 255 255 ... 255 255 255],english
366,[ 83 104 118 ... 125 224 229],arabic
367,[227 253 251 ... 255 255 255],english
368,[ 92  94  93 ... 255 255 255],arabic
369,[252 252 252 ... 252 252 252],cyrillic
370,[36 40 37 ...  4  4  4],arabic
371,[250 253 254 ... 240 239 236],cyrillic
372,[252 252 252 ... 252 252 252],cyrillic
373,[255 255 255 ... 248 152 234],english
374,[252 252 252 ... 252 252 252],cyrillic
375,[215 248 252 ... 255 255 255],english
376,[252 252 252 ... 230 230 230],cyrillic
377,[252 252 252 ... 252 252 252],cyrillic
378,[255 255 255 ... 255 255 255],cyrillic
379,[52 53 53 ... 33 29 31],arabic
380,[143 147 148 ... 147 146 144],cyrillic
381,[148 144 141 ... 139 144 147],cyrillic
382,[175 175 172 ... 183 181 181],cyrillic
383,[192 245 255 ... 255 255 255],english
384,[255 255 255 ... 255 255 255],english
385,[149 150 151 ...  67  64  62],arabic
386,[121 117 108 ... 151 150 151],cyrillic
387,[253 251 254 ... 255 255 255],cyrillic
388,[19 18 16 ... 27 30 37],arabic
389,[160 155 162 ... 168 167 169],cyrillic
390,[255 255 255 ... 255 255 255],english
391,[250 241 221 ... 245 193 164],english
392,[184 185 184 ... 164 163 162],cyrillic
393,[255 255 255 ... 252 250 250],english
394,[202 203 202 ... 173 168 215],cyrillic
395,[255 255 255 ... 255 255 255],english
396,[54 54 53 ... 90 90 88],arabic
397,[147 148 145 ... 148 146 143],cyrillic
398,[255 255 255 ... 255 255 255],cyrillic
399,[255 255 255 ... 196 167 241],english
400,[255 255 255 ... 255 255 255],english
401,[50 52 51 ...  8  8  6],arabic
402,[244 253 250 ... 253 252 255],cyrillic
403,[172  20 113 ... 101  22  41],cyrillic
404,[41 39 49 ... 26 32 26],arabic
405,[255 255 255 ... 255 255 255],english
406,[43 41 40 ... 44 35 33],arabic
407,[11 11 10 ...  5  5  4],arabic
408,[127 128 128 ...  46  49  46],arabic
409,[147 153 148 ... 147 158 159],cyrillic
410,[136 140 142 ... 144 147 146],cyrillic
411,[56 56 56 ... 21 21 21],arabic
412,[255 255 255 ... 255 255 255],english
413,[25 26 27 ... 21 21 21],arabic
414,[255 255 255 ... 255 255 255],english
415,[251 251 251 ... 255 255 255],english
416,[ 92  96  96 ... 126 126 126],arabic
417,[196 196 197 ... 255 255 255],cyrillic
418,[249 249 249 ... 182 192 198],english
419,[152 154 141 ... 153 151 146],cyrillic
420,[ 6  6  6 ... 27  9  4],arabic
421,[255 255 255 ... 255 255 255],english
422,[22 23 26 ... 11 11 11],arabic
423,[255 255 255 ... 255 255 255],english
424,[255 255 255 ... 255 255 255],english
425,[255 255 255 ... 255 245  65],cyrillic
426,[255 255 255 ... 255 255 255],english
427,[113 115 116 ... 159 155 154],arabic
428,[43 65 76 ... 16 13 12],arabic
429,[254 254 254 ... 236 238 239],cyrillic
430,[248 249 229 ... 255 255 255],english
431,[22 23 23 ... 18 18 17],arabic
432,[164 165 163 ...  61  61  61],arabic
433,[24 25 24 ... 38 35 34],arabic
434,[255 255 255 ... 255 255 255],english
435,[255 255 255 ... 255 255 255],english
436,[231 164 210 ... 251 251 251],english
437,[23 23 24 ... 40 35 33],arabic
438,[43 44 27 ... 18 18 21],arabic
439,[255 255 255 ... 255 255 255],english
440,[189 188 193 ... 212 213 213],cyrillic
441,[255 255 255 ... 255 255 255],english
442,[54 49 48 ... 51 64 60],arabic
443,[133 134 130 ... 120 127  71],cyrillic
444,[26 27 27 ... 22 22 22],arabic
445,[255 255 255 ... 255 255 255],cyrillic
446,[238 237 232 ... 233 128 141],english
447,[255 255 255 ... 255 255 255],english
448,[252 252 252 ... 252 252 252],cyrillic
449,[132 133 135 ... 141 142 142],cyrillic
450,[100 102 104 ...  40  41  40],arabic
451,[255 255 255 ... 255 255 255],english
452,[25 30 27 ...  4  2  2],arabic
453,[247 254 253 ... 255 255 255],english
454,[255 255 255 ... 255 255 255],english
455,[159 157 167 ... 157 156 155],cyrillic
456,[ 13  14  15 ... 213 210 211],cyrillic
457,[254 254 255 ... 245 245 245],cyrillic
458,[20 21 21 ... 21 21 20],arabic
459,[47 50 48 ... 57 56 53],arabic
460,[255 255 255 ... 255 255 255],english
461,[27 26 26 ... 40 42 44],arabic
462,[103 103 103 ...  60  59  59],arabic
463,[243 243 252 ... 255 255 255],english
464,[ 15  15  16 ... 184 185 184],arabic
465,[255 255 255 ... 255 255 255],english
466,[227 243 199 ... 255 255 255],english
467,[157 151 156 ... 185 187 185],cyrillic
468,[255 255 255 ... 255 255 255],english
469,[163 161 164 ... 159 159 161],cyrillic
470,[143 139 150 ...  64  66  66],arabic
471,[221 222 219 ... 255 255 255],cyrillic
472,[25 26 26 ... 41 57 58],arabic
473,[174 175 176 ...  93  93  92],arabic
474,[255 255 255 ... 255 255 255],english
475,[138 164 175 ...   6   7  13],arabic
476,[251 251 251 ... 255 255 255],english
477,[57 66 62 ...  2  1  0],arabic
478,[255 255 255 ... 255 255 255],english
479,[245 244 241 ... 248 247 247],english
480,[182 182 181 ... 182 181 178],cyrillic
481,[198 199 201 ... 114 167 125],arabic
482,[160 247 255 ... 251 251 206],english
483,[251 235 235 ... 253 253 253],cyrillic
484,[255 255 255 ... 255 255 255],english
485,[251 251 249 ... 255 255 255],english
486,[180 181 181 ... 165 166 165],arabic
487,[ 75  73  80 ... 145 152 153],cyrillic
488,[140 139 138 ... 147 146 143],cyrillic
489,[255 255 255 ... 255 255 255],english
490,[70 72 67 ... 88 90 88],arabic
491,[255 255 255 ... 255 255 255],english
492,[233 215 230 ... 247 246 251],cyrillic
493,[ 85  93 100 ... 172 171 171],cyrillic
494,[249 254 255 ... 238 246 255],cyrillic
495,[255 255 255 ... 255 255 255],english
496,[255 255 255 ... 255 255 255],english
497,[ 76  75  77 ...  60  87 140],arabic
498,[253 249 250 ... 253 253 253],cyrillic
499,[120 136 142 ... 148 147 132],cyrillic
500,[42 43 38 ... 37 38 20],arabic
501,[254 254 253 ... 254 254 254],cyrillic
502,[255 255 255 ... 255 255 255],english
503,[58 62 56 ...  2  1  2],arabic
504,[251 251 251 ... 234 252 251],english
505,[104 110 104 ... 113 111 111],cyrillic
506,[64 84 89 ... 89 82 62],arabic
507,[49 49 49 ... 19 19 15],arabic
508,[ 61  63  59 ... 150 152 144],arabic
509,[250 252 253 ... 255 255 255],cyrillic
510,[40 42 37 ... 22 22 20],arabic
511,[254 255 255 ... 255 255 255],english
512,[231 241 211 ... 252 250 244],cyrillic
513,[114 116 117 ...  78  75  76],cyrillic
514,[112 113 113 ...  95  95  93],cyrillic
515,[128 136 128 ...  63  78  92],arabic
516,[165 163 162 ... 112 115 115],arabic
517,[80 81 81 ... 40 42 40],arabic
518,[252 252 252 ... 252 252 252],cyrillic
519,[186 189 188 ... 161 161 161],cyrillic
520,[239 248 250 ... 254 253 253],cyrillic
521,[59 60 60 ... 96 98 97],cyrillic
522,[255 255 255 ... 206 255 254],cyrillic
523,[255 255 255 ... 255 255 255],english
524,[212 118 112 ... 255 255 255],english
525,[255 255 255 ... 255 255 255],english
526,[255 255 255 ... 255 255 255],english
527,[255 255 255 ... 255 255 255],english
528,[162 162 161 ...  87  87  87],arabic
529,[255 255 255 ... 255 255 255],english
530,[174 179 179 ... 158 157 155],cyrillic
531,[1 1 1 ... 5 5 5],arabic
532,[203 202 202 ... 197 198 198],cyrillic
533,[144 210 217 ...  37  38 194],cyrillic
534,[255 255 255 ... 255 255 255],english
535,[255 255 255 ... 255 255 255],english
536,[187 213 216 ... 207 201 204],cyrillic
537,[126 124 127 ... 140 138 128],cyrillic
538,[255 255 255 ... 255 255 255],english
539,[83 87 85 ... 76 77 78],arabic
540,[148 148 146 ... 134 136 131],cyrillic
541,[144 144 145 ... 144 144 144],cyrillic
542,[133 135 136 ...  87  86  83],arabic
543,[255 255 255 ... 255 255 255],english
544,[218 225 220 ... 185 189 219],cyrillic
545,[120 118 118 ... 118 117 115],cyrillic
546,[197 214 255 ... 255 255 255],english
547,[65 53 43 ...  3  2  2],arabic
548,[34 35 38 ...  7  6  6],arabic
549,[ 16  18  19 ... 108 107 104],arabic
550,[253 117 150 ... 255 255 255],english
551,[171 169 172 ... 174 175 175],cyrillic
552,[255 255 255 ... 255 255 255],english
553,[252 252 253 ... 255 255 255],cyrillic
554,[255 255 255 ... 255 255 255],english
555,[165 167 167 ... 125 126 130],arabic
556,[14 19 22 ... 43 51 41],arabic
557,[138 147  94 ... 136 140 146],cyrillic
558,[250 251 254 ... 255 255 255],english
559,[151 153 154 ... 114 116 112],arabic
560,[127 106  95 ...  30  26  38],arabic
561,[ 3  4  4 ... 30 39 25],arabic
562,[251 251 251 ... 244 244 244],english
563,[224 224 223 ... 233 233 234],cyrillic
564,[250 248 244 ... 255 255 255],english
565,[196 196 197 ...  59  61  60],arabic
566,[250 245 197 ... 251 250 250],english
567,[251 251 251 ... 255 255 255],english
568,[255 255 255 ... 255 255 255],english
569,[142 198 203 ... 255 255 255],english
570,[255 255 255 ... 255 255 255],english
571,[43 50 47 ... 33 34 35],arabic
572,[238 237 236 ... 235 233 233],cyrillic
573,[255 255 255 ... 255 255 255],cyrillic
574,[28 27 25 ... 17 18 18],arabic
575,[255 255 255 ... 255 255 255],english
576,[ 86  34 170 ...  39  32  23],arabic
577,[223 221 186 ...  97  97  97],arabic
578,[38 37 38 ... 66 79 91],arabic
579,[255 255 255 ... 255 255 255],english
580,[255 254 253 ... 255 255 255],cyrillic
581,[255 255 255 ... 255 255 255],english
582,[182 179 180 ... 168 170 168],cyrillic
583,[255 255 255 ... 255 255 255],english
584,[255 255 255 ... 255 255 255],cyrillic
585,[136 119 209 ... 255 255 255],english
586,[255 255 255 ... 255 255 255],english
587,[163 161 160 ... 157 147 158],cyrillic
588,[31 22 22 ... 79 80 80],arabic
589,[255 255 252 ... 253 254 254],cyrillic
590,[ 4  8 11 ... 28 26 33],arabic
591,[72 72 70 ... 84 68 72],arabic
592,[37 40 39 ... 75 73 74],arabic
593,[255 255 255 ... 255 255 255],english
594,[236 237 236 ... 255 255 255],english
595,[255 255 252 ... 255 255 255],cyrillic
596,[ 87  89  89 ... 224 237 235],arabic
597,[255 255 255 ... 253 166 187],english
598,[9 9 8 ... 2 2 3],arabic
599,[137 142 152 ... 127 127 127],arabic
600,[255 255 255 ... 255 255 255],english
601,[250 222 105 ... 161 208 188],english
602,[255 255 255 ... 255 255 255],english
603,[238 238 236 ... 235 227 225],cyrillic
604,[139 106 171 ... 201 201 203],cyrillic
605,[255 255 255 ... 255 255 255],english
606,[196 209 221 ... 229 225 221],cyrillic
607,[255 255 255 ... 255 255 255],english
608,[200 196 195 ... 222 220 219],cyrillic
609,[ 7  7  7 ... 15  9  5],arabic
610,[46 47 45 ... 15 14 13],arabic
611,[42 42 42 ... 20 16  8],arabic
612,[76 94 59 ... 27 25 26],arabic
613,[152 150 117 ... 119 138 146],cyrillic
614,[200 143 172 ... 255 255 255],english
615,[242 249 242 ... 255 255 255],cyrillic
616,[139 139 138 ...  29  28  29],arabic
617,[255 255 255 ... 255 255 255],english
618,[255 255 255 ... 255 255 255],english
619,[255 255 255 ... 255 255 255],english
620,[154 153 152 ... 153 152 152],cyrillic
621,[254 254 254 ... 255 255 255],cyrillic
622,[104 101  99 ... 101 101 101],cyrillic
623,[21 22 23 ... 42 40 42],arabic
624,[246 245 250 ... 255 255 255],english
625,[200 253 252 ... 255 254 254],english
626,[251 251 251 ... 255 255 255],english
627,[255 255 255 ... 255 255 255],cyrillic
628,[186 187 186 ...  16  15  16],arabic
629,[130  96  72 ...  70 116 104],arabic
630,[193 213 255 ... 255 255 255],english
631,[255 255 255 ... 255 255 255],english
632,[112 115 117 ...  34 102 233],arabic
633,[157 156 157 ... 158 157 158],cyrillic
634,[251 251 251 ... 255 255 255],english
635,[251 250 173 ... 255 255 255],english
636,[255 255 255 ... 255 255 255],english
637,[255 255 255 ... 255 255 255],english
638,[ 13  19  24 ... 255 255 255],arabic
639,[119 117 117 ... 117 116 114],cyrillic
640,[252 252 252 ... 252 252 252],cyrillic
641,[251 251 251 ... 255 255 255],english
642,[255 255 255 ... 255 255 255],english
643,[237 239 236 ... 235 226 220],cyrillic
644,[255 255 255 ... 255 255 255],english
645,[254 251 251 ... 255 255 255],cyrillic
646,[255 255 255 ... 255 255 255],cyrillic
647,[252 252 252 ... 252 252 252],cyrillic
648,[193 193 194 ... 193 193 189],arabic
649,[255 255 255 ... 255 255 255],english
650,[18 18 18 ... 43 43 44],arabic
651,[255 255 255 ... 255 255 255],english
652,[26 30 28 ... 14 16 14],arabic
653,[32 31 31 ... 29 23 24],arabic
654,[16 15 14 ... 41 42 38],arabic
655,[252 252 252 ... 252 252 252],cyrillic
656,[255 255 255 ... 255 255 255],english
657,[233 234 233 ... 234 234 235],cyrillic
658,[66 65 68 ... 54 54 52],arabic
659,[176 149 163 ... 193 192 192],cyrillic
660,[ 42  44  44 ... 153 113 109],arabic
661,[174 177 178 ... 132 158 175],cyrillic
662,[182 181 180 ... 180 180 179],cyrillic
663,[255 255 255 ... 255 255 255],english
664,[255 255 255 ... 255 255 255],english
665,[251 251 251 ... 255 255 255],english
666,[251 254 224 ... 255 255 255],english
667,[251 254 195 ... 255 255 255],english
668,[221 228 255 ... 255 255 255],english
669,[26 25 25 ... 54 57 58],arabic
670,[0 0 0 ... 0 0 0],arabic
671,[7 8 9 ... 6 5 4],arabic
672,[255 255 255 ... 255 255 255],english
673,[66 66 69 ... 75 76 76],arabic
674,[103 106 103 ...  28  33  33],arabic
675,[ 55  56  57 ... 126 127 129],arabic
676,[20 20 19 ... 17 19 19],arabic
677,[255 255 255 ... 255 255 255],english
678,[ 98  93  49 ... 134 127 130],arabic
679,[21 21 14 ... 61 59 59],arabic
680,[255 255 255 ... 255 255 255],english
681,[255 255 255 ... 255 255 255],english
682,[23 22 13 ... 10 11  9],arabic
683,[179 182 189 ... 238 238 238],cyrillic
684,[255 255 255 ... 255 255 255],english
685,[ 31  22  38 ... 137 136 134],arabic
686,[141 141 139 ... 141 140 133],cyrillic
687,[255 255 255 ... 255 255 255],english
688,[188 255 255 ... 255 255 255],english
689,[255 255 255 ... 254 254 254],cyrillic
690,[113 111 114 ... 101  72  96],cyrillic
691,[255 255 255 ... 255 255 255],english
692,[182 161 227 ... 255 255 255],english
693,[165 166 166 ... 164 167 169],cyrillic
694,[255 255 255 ... 255 255 255],english
695,[130 104  81 ...  70  71  71],arabic
696,[228 228 229 ... 210 206 208],cyrillic
697,[189 196 198 ... 168 166 173],cyrillic
698,[118 126 126 ... 117 113 108],cyrillic
699,[255 255 255 ... 255 255 255],english
700,[0 0 0 ... 0 0 0],arabic
701,[255 255 255 ... 255 255 255],english
702,[18 20 19 ... 52 51 51],arabic
703,[247 244 241 ... 255 255 255],english
704,[255 255 255 ... 255 255 255],english
705,[10 10 13 ... 13 13 13],arabic
706,[47 48 49 ... 82 79 76],arabic
707,[255 255 255 ... 255 255 255],english
708,[31 18 21 ... 76 58 44],arabic
709,[252 230 241 ... 255 255 255],english
710,[255 255 255 ... 255 255 255],english
711,[255 255 255 ... 255 255 255],english
712,[ 22  84 121 ...  51  47  36],arabic
713,[149 148 148 ... 150 149 149],cyrillic
714,[56 55 54 ... 48 47 46],arabic
715,[184 185 182 ...  60  67  63],arabic
716,[152 153 151 ... 151 147 148],cyrillic
717,[233 233 233 ... 136 136 137],arabic
718,[255 255 255 ... 251 212 250],english
719,[36 38 37 ... 32 31 32],arabic
720,[255 255 255 ... 255 255 255],english
721,[138 137 137 ... 133 131 127],cyrillic
722,[0 0 0 ... 0 0 0],cyrillic
723,[191 190 190 ... 183 178 155],cyrillic
724,[119 250 254 ... 255 255 255],english
725,[153 127  98 ... 133 132 120],arabic
726,[26 26 25 ... 23 23 24],arabic
727,[255 255 255 ... 255 255 255],cyrillic
728,[68 70 70 ... 52 58 51],arabic
729,[157 159 153 ... 191 191 187],cyrillic
730,[ 9  9  8 ... 24 31 36],arabic
731,[134 212 254 ... 247 251 251],english
732,[140 143 141 ... 105 103 104],cyrillic
733,[ 79  70  86 ... 145 144 145],arabic
734,[118  72  69 ...  60  64 112],arabic
735,[54 53 50 ... 61 61 57],arabic
736,[131 128 127 ... 167 156 151],arabic
737,[161 160 160 ... 123 121 121],arabic
738,[255 255 253 ... 255 255 255],english
739,[ 2  2  3 ...  6  7 11],arabic
740,[124 124 124 ...  13  13  13],arabic
741,[255 255 255 ... 255 255 255],english
742,[249 249 249 ... 255 255 255],english
743,[244 239 186 ... 255 255 255],english
744,[255 255 255 ... 255 255 255],english
745,[183 182 181 ...  33  30  27],arabic
746,[101 118 132 ...  81  76  81],arabic
747,[16 18 27 ... 82 83 83],arabic
748,[208 208 208 ... 184 190 192],cyrillic
749,[152 149 147 ... 144 142 142],cyrillic
750,[173 174 174 ... 160 160 159],cyrillic
751,[63 59 60 ... 11 11  8],arabic
752,[148 147 147 ... 160 160 158],cyrillic
753,[145 160 158 ... 157 165 169],cyrillic
754,[255 255 255 ... 247 246 254],english
755,[64 64 59 ... 35 35 35],arabic
756,[19 26 95 ... 14 15 41],arabic
757,[119 119 112 ... 129 130 130],cyrillic
758,[103 102  99 ...  74  76  87],arabic
759,[ 21  23  23 ... 104 108 102],arabic
760,[44 24 18 ... 19 17 15],arabic
761,[ 96 243 254 ... 255 255 255],cyrillic
762,[253 233 206 ... 255 255 255],english
763,[39 63 61 ... 71 71 68],arabic
764,[143 145 144 ...  84  92  92],cyrillic
765,[254 254 254 ... 253 253 253],cyrillic
766,[ 34  35  38 ... 115 112 113],arabic
767,[ 42  42  43 ...  94  97 101],arabic
768,[251 194 247 ... 255 255 255],english
769,[72 68 72 ... 32 33 36],arabic
770,[154 152 154 ... 156 155 157],cyrillic
771,[59 61 57 ... 43 42 41],arabic
772,[20 45 56 ...  4  3  2],arabic
773,[251 250 157 ... 249 249 250],english
774,[255 255 255 ... 255 255 255],english
775,[255 255 255 ... 255 255 255],english
776,[252 252 252 ... 252 252 252],cyrillic
777,[249 198 246 ... 255 255 255],english
778,[168 166 169 ... 177 175 170],cyrillic
779,[58 55 51 ... 12 11 12],arabic
780,[ 20  12  14 ... 101 111 107],arabic
781,[255 255 255 ... 255 255 255],english
782,[86 83 83 ... 87 88 89],arabic
783,[95 94 99 ... 58 60 64],arabic
784,[255 255 255 ... 255 255 255],english
785,[255 255 255 ... 255 255 255],english
786,[255 255 255 ... 255 255 255],english
787,[255 255 255 ... 255 255 255],cyrillic
788,[63 68 61 ... 13 10  4],arabic
789,[255 255 255 ... 255 255 255],english
790,[240 219 230 ... 255 255 255],english
791,[ 29  82 128 ... 122 120 125],cyrillic
792,[255 255 255 ... 246 255 255],english
793,[183 181 179 ... 196 191 193],cyrillic
794,[12 11  4 ...  4  3  4],arabic
795,[255 255 255 ... 255 255 255],cyrillic
796,[255 255 255 ... 255 255 255],english
797,[252 252 252 ... 252 252 252],cyrillic
798,[57 67 59 ...  9 39 13],arabic
799,[255 255 255 ... 255 255 255],english
800,[183 183 184 ... 184 184 183],cyrillic
801,[255 255 255 ... 255 255 255],english
802,[255 255 255 ... 255 255 255],english
803,[255 255 255 ... 255 255 255],english
804,[0 0 0 ... 0 0 0],arabic
805,[73 76 78 ... 39 82 93],arabic
806,[255 255 255 ... 255 255 255],english
807,[153 156 158 ...  96 158 155],cyrillic
808,[124 122 124 ... 105 105 104],arabic
809,[24 22 23 ... 56 52 59],arabic
810,[43 38 39 ...  9  9  9],arabic
811,[214 218 215 ... 125 110 100],cyrillic
812,[18 19 19 ...  6  5  5],arabic
813,[173 172 169 ... 166 161 164],cyrillic
814,[54 53 53 ... 63 57 50],arabic
815,[152 143 134 ... 137 140 139],cyrillic
816,[31 32 32 ... 43 42 40],arabic
817,[255 255 255 ... 255 255 255],cyrillic
818,[255 255 255 ... 255 255 255],cyrillic
819,[2 2 3 ... 6 6 6],arabic
820,[185 185 186 ... 154 154 151],arabic
821,[255 255 255 ... 255 255 255],english
822,[255 255 255 ... 255 255 255],english
823,[127  91  42 ...  33  28  24],arabic
824,[251 251 251 ... 255 255 255],english
825,[101 101 102 ...  96  98 102],arabic
826,[198 206 223 ... 214 213 213],cyrillic
827,[119 119 119 ... 123 123 123],cyrillic
828,[247 246 248 ... 255 255 255],english
829,[140 139 138 ... 135 137 140],cyrillic
830,[255 255 255 ... 255 255 255],english
831,[88 88 89 ... 70 68 60],arabic
832,[255 255 255 ... 255 255 255],english
833,[167 146 114 ... 153 150 144],cyrillic
834,[21 20 20 ... 93 90 99],arabic
835,[251 251 251 ... 255 255 255],english
836,[226 223 212 ... 221 222 224],cyrillic
837,[244 181 252 ... 255 255 255],english
838,[157 156 151 ... 150 150 150],cyrillic
839,[248 189 222 ... 255 255 255],english
840,[255 255 255 ... 255 255 255],english
841,[210 209 209 ...  91  94 100],arabic
842,[165 165 160 ... 175 175 175],cyrillic
843,[255 255 255 ... 255 255 255],english
844,[255 255 255 ... 255 255 255],english
845,[167 166 147 ... 166 166 166],cyrillic
846,[255 255 255 ... 255 255 255],english
847,[251 251 251 ... 255 255 255],english
848,[255 255 255 ... 254 255 255],cyrillic
849,[45 46 19 ... 14 13 10],arabic
850,[255 255 255 ... 255 255 255],english
851,[251 251 251 ... 255 255 255],english
852,[145 144 143 ... 138 137 139],cyrillic
853,[31 29 31 ... 47 47 47],arabic
854,[255 255 255 ... 255 255 255],english
855,[255 255 255 ... 255 255 255],english
856,[ 39  41  41 ... 109 107 107],arabic
857,[228 228 228 ... 228 228 228],cyrillic
858,[188 191 182 ... 208 205 201],cyrillic
859,[255 255 255 ... 255 255 255],cyrillic
860,[117 102 108 ... 165 160 163],arabic
861,[158 159 158 ... 185 186 190],cyrillic
862,[ 14  12  15 ...  86  81 106],arabic
863,[252 252 252 ... 252 252 252],cyrillic
864,[216 252 250 ... 255 255 255],english
865,[ 9  5 15 ...  9 20 68],arabic
866,[255 255 255 ... 255 255 255],english
867,[162  87 104 ... 217 213 215],cyrillic
868,[133 137 140 ... 172 171 171],cyrillic
869,[150 148 143 ... 142 141 142],cyrillic
870,[ 82  91 163 ... 119 126 136],cyrillic
871,[114 113 115 ...  67  64  63],arabic
872,[255 255 255 ... 255 255 255],english
873,[170 172 171 ... 132 134 146],cyrillic
874,[19 19 19 ... 79 84 91],arabic
875,[188 188 188 ... 184 184 182],cyrillic
876,[ 9  8  7 ... 68 67 65],arabic
877,[255 255 255 ... 255 255 255],cyrillic
878,[242 243 244 ... 106 126 137],cyrillic
879,[ 65  39  38 ... 176 172 128],arabic
880,[58 63 69 ... 34 34 33],arabic
881,[22 22 22 ... 20 20 21],arabic
882,[255 255 255 ... 255 255 255],english
883,[255 255 255 ... 255 255 255],english
884,[251 251 251 ... 255 255 255],english
885,[255 255 255 ... 255 228 240],english
886,[ 70  70  69 ... 121 147  87],cyrillic
887,[255 255 255 ... 255 255 255],english
888,[255 255 255 ... 255 255 255],english
889,[133 135 135 ... 115 116 116],arabic
890,[255 255 255 ... 255 255 255],cyrillic
891,[255 255 255 ... 253 248 173],english
892,[157 167 167 ... 230 230 230],arabic
893,[ 27  27  37 ... 111 111 112],arabic
894,[250 251 251 ... 237 157 147],english
895,[145 139 139 ... 125 115 111],cyrillic
896,[140 134 136 ... 255 255 255],english
897,[169 169 167 ... 182 181 181],cyrillic
898,[112 106 110 ...  43  44  44],arabic
899,[108 101 104 ...   7   8  10],arabic
900,[38 40 42 ... 78 79 81],arabic
901,[41 42 44 ...  3  3  3],arabic
902,[255 255 255 ... 255 255 255],english
903,[186 254 254 ... 255 255 255],english
904,[140 137 138 ... 137 144 131],cyrillic
905,[102 102 104 ...  42  36  17],arabic
906,[216 217 216 ... 208 205 207],cyrillic
907,[66 60 54 ... 46 68 73],arabic
908,[201 212 244 ... 255 255 255],english
909,[ 83  90 110 ... 131 134 135],cyrillic
910,[166 174 178 ... 126 128 125],cyrillic
911,[237 237 236 ... 229 228 228],cyrillic
912,[196 197 197 ... 118 120 119],arabic
913,[ 3  3  3 ... 58 49 54],arabic
914,[105  89 103 ... 111 118 123],arabic
915,[133 132 132 ...  98 210 220],cyrillic
916,[255 255 255 ... 255 255 255],english
917,[255 219 191 ... 255 255 255],english
918,[255 255 255 ... 255 255 255],english
919,[114 115 116 ...  93  93  92],arabic
920,[144 144 146 ... 146 143 145],cyrillic
921,[103 104 106 ... 135 135 133],arabic
922,[251 250 250 ... 255 255 255],english
923,[155 154 153 ... 162 161 159],cyrillic
924,[126  99  97 ... 255 255 255],english
925,[70  7 15 ...  1  1  1],arabic
926,[74 74 73 ... 64 58 63],arabic
927,[ 4  3 22 ... 10 11 12],arabic
928,[255 255 255 ... 255 255 255],english
929,[114 117 118 ... 109 107 105],arabic
930,[74 75 67 ... 46 43 40],arabic
931,[151 152 150 ... 143 140 141],cyrillic
932,[80 84 87 ... 47 46 46],arabic
933,[252 252 252 ... 251 251 251],cyrillic
934,[ 63  77 115 ...  17  18  17],cyrillic
935,[132 133 134 ... 117 117 119],arabic
936,[168 173 184 ... 165 166 165],cyrillic
937,[236 252 255 ... 255 255 255],english
938,[173 162 154 ...  18  21  49],arabic
939,[22 31 28 ... 49 47 46],arabic
940,[252 252 252 ... 253 252 252],cyrillic
941,[64 65 66 ... 86 90 89],arabic
942,[63 71 79 ... 64 53 55],arabic
943,[203 202 201 ... 145 141 141],arabic
944,[68 71 66 ... 20 20 20],arabic
945,[255 255 255 ... 255 255 255],english
946,[70 72 71 ... 50 48 46],arabic
947,[246 248 250 ... 146 150 150],cyrillic
948,[244 239 244 ... 254 254 254],cyrillic
949,[255 255 255 ... 255 255 255],english
950,[253 252 254 ... 254 254 254],cyrillic
951,[ 6  3  5 ... 10 11 10],arabic
952,[111 111 111 ... 102 101  97],arabic
953,[255 255 255 ... 255 255 255],english
954,[110 112 111 ... 175 178 181],arabic
955,[255 255 255 ... 255 255 255],english
956,[126 123 118 ... 141 138 140],cyrillic
957,[201 200 188 ... 195 197 199],cyrillic
958,[255 255 255 ... 255 255 255],english
959,[ 97  95  94 ... 110 110 116],arabic
960,[255 255 255 ... 255 255 255],english
961,[ 27  29  31 ... 255 255 255],arabic
962,[225 248 251 ... 255 255 255],cyrillic
963,[255 255 255 ... 239 240 253],english
964,[255 255 255 ... 255 255 255],english
965,[255 255 255 ... 255 255 255],english
966,[255 255 255 ... 255 255 255],english
967,[99 44 34 ... 82 82 86],arabic
968,[255 255 255 ... 255 255 255],english
969,[35 30 28 ... 28 25 28],arabic
970,[ 10  11  12 ... 133  87   6],arabic
971,[50 50 50 ... 63 59 59],arabic
972,[127 127 130 ... 132 135 141],cyrillic
973,[186 187 187 ...  26  26  26],arabic
974,[252 252 252 ... 252 252 252],cyrillic
975,[208  96  89 ... 255 255 255],english
976,[163 162 161 ... 170 169 169],arabic
977,[121 121 120 ... 108 108 106],arabic
978,[255 255 255 ... 255 255 255],english
979,[37 49 61 ... 37 40 29],arabic
980,[61 61 63 ...  4  6  8],arabic
981,[255 185 225 ... 255 255 255],english
982,[255 255 255 ... 255 255 255],english
983,[166 166 165 ... 169 167 165],cyrillic
984,[123 125 122 ... 110 100  94],cyrillic
985,[196 207 205 ... 151 151 150],arabic
986,[ 7  7  7 ... 11 11  9],arabic
987,[247 248 247 ... 255 255 255],english
988,[255 255 245 ... 255 255 255],english
989,[ 10  10  10 ... 102 106 107],arabic
990,[237 241 234 ... 254 254 254],cyrillic
991,[189 188 189 ... 151 144 143],cyrillic
992,[38 38 38 ... 65 67 62],arabic
993,[255 255 255 ... 248 249 250],english
994,[202 205 203 ...  98  95  96],cyrillic
995,[213 213 213 ... 142 136 133],arabic
996,[234 191 179 ... 245 248 250],english
997,[255 255 255 ... 255 255 255],english
998,[252 252 252 ... 252 252 252],cyrillic
999,[21 21 18 ...  3  3  3],arabic
1000,[255 255 255 ... 255 255 255],english
1001,[251 251 252 ... 255 255 255],english
1002,[154 154 153 ... 151 150 150],cyrillic
1003,[61 60 61 ... 26 23 23],arabic
1004,[120 114 105 ...  79  77  73],arabic
1005,[102  92  79 ...   1   1   1],arabic
1006,[246 251 209 ... 242 255 255],english
1007,[199 202 200 ... 175 168 161],arabic
1008,[109 120 121 ... 123 126 123],arabic
1009,[253 253 254 ... 125 123 121],arabic
1010,[251 253 236 ... 244 248 251],english
1011,[120 117 118 ...  45  44  43],arabic
1012,[139 143 136 ...  86  80  78],arabic
1013,[214 213 214 ... 224 223 222],cyrillic
1014,[ 79  82  48 ... 138 141 141],cyrillic
1015,[24 25 26 ... 51 44 68],arabic
1016,[211 208 205 ... 221 222 226],cyrillic
1017,[255 255 255 ... 255 255 255],english
1018,[255 255 255 ... 249 250 250],english
1019,[117 123 116 ...  70  69  71],arabic
1020,[190 189 187 ... 165 168 170],cyrillic
1021,[142 151 159 ...  12  10   9],arabic
1022,[169 171 172 ... 163 163 163],cyrillic
1023,[252 244 193 ... 255 255 255],english
1024,[134 144 109 ... 152 155 155],cyrillic
1025,[201 200 200 ... 197 195 192],cyrillic
1026,[ 7  6  7 ... 15 11  7],arabic
1027,[ 8  9 12 ... 28 29 30],arabic
1028,[236 204 254 ... 255 255 255],english
1029,[174 174 172 ... 123 126 134],cyrillic
1030,[111 111 109 ...  96  94  93],cyrillic
1031,[255 255 255 ... 255 255 255],english
1032,[255 255 255 ... 255 255 255],english
1033,[182 197 213 ... 169 168 168],arabic
1034,[255 255 255 ... 255 255 255],english
1035,[56 56 54 ... 35 35 34],arabic
1036,[255 255 255 ... 248 245 244],english
1037,[224 255 255 ... 255 255 255],english
1038,[253 254 254 ... 255 252 254],cyrillic
1039,[255 255 255 ... 255 255 255],english
1040,[195 195 194 ...  46  48  51],arabic
1041,[255 255 255 ... 255 255 255],english
1042,[255 255 255 ... 255 255 255],english
1043,[ 97  96 100 ...  25  26  26],arabic
1044,[2 2 2 ... 9 2 7],arabic
1045,[252 252 252 ... 252 252 252],cyrillic
1046,[243 242 255 ... 255 255 255],english
1047,[255 255 255 ... 255 255 255],english
1048,[197 197 198 ... 233 233 233],cyrillic
1049,[83 83 84 ... 67 68 67],arabic
1050,[195 234 253 ... 255 255 255],english
1051,[177 173 169 ... 123 123 120],cyrillic
1052,[138 140 154 ... 179 180 178],cyrillic
1053,[251 250 250 ... 255 255 255],english
1054,[129 128 128 ...  30  29  27],arabic
1055,[13 14 15 ...  7  6  7],arabic
1056,[28 27 29 ... 26 25 26],arabic
1057,[154 155 155 ...  27  21  19],arabic
1058,[255 255 255 ... 255 255 255],english
1059,[84 81 81 ... 88 90 90],cyrillic
1060,[238 240 241 ... 250 251 252],cyrillic
1061,[255 255 255 ... 255 255 255],english
1062,[249 249 248 ... 255 255 255],english
1063,[61 68 79 ... 16 15 14],arabic
1064,[251 249 250 ... 251 250 250],english
1065,[166 174 175 ... 160 158 166],cyrillic
1066,[59 59 57 ... 29 29 17],arabic
1067,[ 3  2  1 ... 65 73 72],arabic
1068,[166 171 170 ... 157 158 175],cyrillic
1069,[176 176 176 ... 198 197 197],cyrillic
1070,[255 255 255 ... 255 255 255],english
1071,[161 159 164 ... 160 155 152],cyrillic
1072,[255 255 255 ... 255 255 255],english
1073,[170 168 177 ... 168 166 158],cyrillic
1074,[255 255 255 ... 255 255 255],english
1075,[188 188 175 ... 152 148 149],cyrillic
1076,[255 255 255 ... 255 255 255],english
1077,[135 136 138 ... 205 205 205],arabic
1078,[113 113 114 ...  76  72  69],arabic
1079,[0 0 0 ... 0 0 0],cyrillic
1080,[27 12 10 ... 88 83 82],arabic
1081,[56 56 55 ... 36 33 30],arabic
1082,[ 74  74  73 ... 176 174 173],arabic
1083,[ 83  75  64 ... 185 185 183],arabic
1084,[255 255 255 ... 255 255 255],english
1085,[136 155 192 ... 137 135 136],cyrillic
1086,[237 239 237 ... 199 192 188],cyrillic
1087,[197 199 200 ... 198 192 182],cyrillic
1088,[ 13  13  14 ... 161 173 172],arabic
1089,[176 234 254 ... 255 255 255],cyrillic
1090,[157 153 152 ... 162 161 162],cyrillic
1091,[255 255 255 ... 255 255 255],english
1092,[251 255 185 ... 225 239 250],english
1093,[44 32 26 ...  4  5  6],arabic
1094,[197 195 192 ... 255 255 255],cyrillic
1095,[255 255 250 ... 255 255 255],cyrillic
1096,[255 255 255 ... 255 255 255],english
1097,[251 251 251 ... 249 247 247],english
1098,[255 255 255 ... 255 255 255],english
1099,[139 139 139 ... 150 153 155],cyrillic
1100,[27 26 26 ... 21 20 19],arabic
1101,[250 250 251 ... 255 255 255],english
1102,[255 255 255 ... 255 255 255],english
1103,[251 251 251 ... 255 255 255],english
1104,[184 208 250 ... 255 255 255],english
1105,[91 68 35 ... 96 69 64],cyrillic
1106,[226 230 230 ... 228 224 216],cyrillic
1107,[255 255 255 ... 255 255 255],english
1108,[17 17 16 ... 47 47 47],arabic
1109,[251 250 250 ... 255 255 255],english
1110,[113 113 113 ... 114 111 110],cyrillic
1111,[255 255 255 ... 255 255 255],english
1112,[136 135 135 ...  89  88  92],arabic
1113,[220 255 255 ... 255 255 255],english
1114,[255 255 255 ... 255 255 255],english
1115,[79 80 80 ... 29 36 35],arabic
1116,[26 27 29 ... 14 17 18],arabic
1117,[163 128 207 ... 255 255 255],english
1118,[255 255 255 ... 245 247 240],english
1119,[255 255 255 ... 255 255 255],english
1120,[255 255 255 ... 255 255 255],english
1121,[24 28 13 ...  5  4  4],arabic
1122,[169 164 160 ... 165 148 148],cyrillic
1123,[255 255 255 ... 255 255 255],english
1124,[255 255 255 ... 255 255 255],english
1125,[255 255 255 ... 251 251 248],english
1126,[ 55  57  60 ... 138 133 133],cyrillic
1127,[139 125 117 ...   7   7   7],arabic
1128,[123 122 119 ... 116 114 113],cyrillic
1129,[163 161 161 ... 163 165 166],cyrillic
1130,[ 54  50  46 ... 126 129 127],arabic
1131,[166 168 169 ... 171 171 174],cyrillic
1132,[170 169 167 ... 171 172 170],cyrillic
1133,[ 77 137 138 ...  23  23  22],arabic
1134,[222 220 216 ... 221 222 223],cyrillic
1135,[225 245 252 ... 245 217 185],cyrillic
1136,[255 255 255 ... 255 255 255],english
1137,[252 253 253 ... 200 196 190],cyrillic
1138,[101 100 100 ...  10   8  10],arabic
1139,[252 252 252 ... 252 252 252],cyrillic
1140,[ 81 128 216 ... 214 214 215],arabic
1141,[167 165 165 ... 107 107 107],arabic
1142,[255 255 255 ... 222 164 223],english
1143,[44 69 91 ... 27 21 13],arabic
1144,[157 157 158 ... 160 137 106],cyrillic
1145,[242 244 243 ... 255 255 255],english
1146,[255 255 255 ... 255 255 255],english
1147,[224 231 236 ... 222 224 225],cyrillic
1148,[14 25 20 ... 32 40 38],arabic
1149,[255 255 255 ... 255 255 255],english
1150,[255 255 255 ... 255 255 255],english
1151,[160 141 137 ... 103 104 105],arabic
1152,[223 178 250 ... 255 255 255],english
1153,[117 115 116 ... 142 143 142],arabic
1154,[13 13 13 ... 52 50 51],arabic
1155,[250 216 220 ... 200 220 255],english
1156,[ 4  4  4 ... 56 64 60],arabic
1157,[255 255 255 ... 255 255 255],english
1158,[255 255 255 ... 255 255 255],english
1159,[129 136 143 ... 182 181 180],cyrillic
1160,[105 104 105 ...  17  18  19],arabic
1161,[251 248 200 ... 255 255 255],english
1162,[255 255 255 ... 255 255 255],english
1163,[252 177 247 ... 255 255 255],english
1164,[254 254 254 ... 255 255 255],cyrillic
1165,[115 102  35 ... 125 115 100],arabic
1166,[138 138 137 ... 142 141 141],cyrillic
1167,[252 244 163 ... 255 255 255],english
1168,[31 43 54 ... 96 88 29],arabic
1169,[215 217 214 ... 129 128 126],arabic
1170,[255 255 255 ... 255 255 255],english
1171,[129  86  72 ... 255 255 255],english
1172,[145 142 141 ... 194 220 234],english
1173,[255 255 255 ... 255 255 255],english
1174,[244 246 230 ... 242 239 214],english
1175,[153 151 152 ... 170 170 171],cyrillic
1176,[39 37 43 ... 70 67 65],arabic
1177,[32 31 31 ... 60 57 52],arabic
1178,[255 255 255 ... 255 255 255],english
1179,[255 255 255 ... 255 255 255],english
1180,[108 108 108 ... 131 131 132],cyrillic
1181,[151 155 147 ... 131 106  56],arabic
1182,[146 146 146 ... 154 155 152],cyrillic
1183,[255 255 255 ... 251 251 251],english
1184,[195 195 194 ... 205 206 204],cyrillic
1185,[195 194 193 ... 206 206 206],cyrillic
1186,[255 255 255 ... 189 194 227],english
1187,[186 186 187 ... 210 210 140],arabic
1188,[80 81 87 ... 56 57 55],arabic
1189,[144 127 116 ... 142  84  44],arabic
1190,[255 255 255 ... 255 255 255],cyrillic
1191,[255 255 255 ... 251 251 251],cyrillic
1192,[252 254 255 ... 255 255 255],cyrillic
1193,[255 255 255 ... 255 255 255],english
1194,[136 119 119 ... 189 188 187],cyrillic
1195,[163 166 172 ... 174 166 161],arabic
1196,[95 89 85 ... 12 12 10],arabic
1197,[234 248 248 ... 254 254 254],cyrillic
1198,[112 111 114 ... 156 144 141],arabic
1199,[233 233 234 ... 244 242 239],cyrillic
1200,[255 255 255 ... 255 255 255],english
1201,[255 243 206 ... 255 255 255],english
1202,[127 125 123 ... 124 122 122],cyrillic
1203,[253 253 253 ... 255 255 255],cyrillic
1204,[255 255 255 ... 255 255 255],cyrillic
1205,[255 255 255 ... 255 255 255],english
1206,[157 157 154 ... 155 147 109],cyrillic
1207,[117 143 169 ...   2   2   2],arabic
1208,[251 253 184 ... 255 255 255],english
1209,[40 39 36 ... 11 13 15],arabic
1210,[61 65 63 ...  2  1  1],arabic
1211,[94 97 99 ...  3  4  4],arabic
1212,[252 252 252 ... 252 252 252],cyrillic
1213,[162 161 167 ... 104  97  67],arabic
1214,[247 247 247 ...  64  66  66],arabic
1215,[255 255 255 ... 255 255 255],english
1216,[255 255 255 ... 255 255 255],cyrillic
1217,[  9   8   8 ... 132 134 135],arabic
1218,[176 181 182 ... 173 180 177],cyrillic
1219,[171 169 170 ... 153 152 154],cyrillic
1220,[255 255 255 ... 255 255 255],english
1221,[242 240 244 ... 253 253 253],cyrillic
1222,[255 255 255 ... 255 255 255],english
1223,[ 65  68  67 ... 189 180 195],cyrillic
1224,[231 232 232 ... 232 232 233],cyrillic
1225,[191 194 173 ... 202 203 200],cyrillic
1226,[255 255 255 ... 255 249 233],cyrillic
1227,[163 170 169 ... 165 165 165],cyrillic
1228,[255 255 255 ... 255 255 255],english
1229,[111 114 120 ...  13   9  36],arabic
1230,[240 240 236 ... 241 242 241],english
1231,[255 255 255 ... 255 255 255],cyrillic
1232,[255 255 255 ... 255 255 255],english
1233,[255 255 255 ... 255 255 255],cyrillic
1234,[250 251 253 ... 255 255 255],english
1235,[250 188 245 ... 255 255 255],english
1236,[124 121 120 ... 107 103 103],arabic
1237,[158 133  88 ... 152 154 154],cyrillic
1238,[255 255 255 ... 255 255 255],english
1239,[ 87 161 195 ... 191 192 191],cyrillic
1240,[161 161 161 ... 162 163 163],cyrillic
1241,[68 67 56 ... 27 21 17],arabic
1242,[179 161 248 ... 255 255 255],english
1243,[141 145 142 ... 143 143 144],cyrillic
1244,[122 121 120 ... 102 103 104],cyrillic
1245,[ 96 104 102 ... 119 124 115],arabic
1246,[24 24 24 ... 22 22 22],arabic
1247,[ 2  5 16 ... 30 34 29],arabic
1248,[204 203 202 ... 209 208 207],cyrillic
1249,[33 31 31 ... 22 21 25],arabic
1250,[254 254 255 ... 255 255 255],cyrillic
1251,[183 186 187 ... 184 186 187],cyrillic
1252,[41 36 34 ... 40 46 41],arabic
1253,[130 130 130 ... 109 107 104],cyrillic
1254,[205 204 212 ... 201 198 199],cyrillic
1255,[255 255 255 ... 251 251 249],cyrillic
1256,[118 121 130 ... 140 139 138],arabic
1257,[ 28  31  32 ... 173 171 157],arabic
1258,[255 255 255 ... 255 255 255],english
1259,[172 172 173 ... 156 146 141],cyrillic
1260,[255 255 255 ... 255 255 255],english
1261,[105  94  88 ... 131 133 132],cyrillic
1262,[251 253 244 ... 255 255 255],english
1263,[ 18  18  19 ...  72 102 129],arabic
1264,[100 100  93 ...  48 137 255],cyrillic
1265,[162 165 167 ...  18  16  14],arabic
1266,[27 23 22 ... 37 37 38],arabic
1267,[156 156 157 ...  22  23  23],arabic
1268,[255 255 255 ... 255 255 255],english
1269,[142 143 143 ... 134 132 132],cyrillic
1270,[152 149 149 ... 140 139 141],cyrillic
1271,[251 251 255 ... 255 255 255],english
1272,[255 255 255 ... 255 255 255],english
1273,[140 125 109 ...  40  39  39],arabic
1274,[185 185 180 ... 173 182 181],cyrillic
1275,[169 159 159 ... 171 176 177],cyrillic
1276,[160 161 161 ... 150 151 151],arabic
1277,[ 92  92  93 ... 201 204 204],arabic
1278,[123 247 251 ... 255 255 255],english
1279,[154 156 154 ... 149 148 153],cyrillic
1280,[255 255 255 ... 255 255 255],english
1281,[51 62 61 ... 41 38 26],arabic
1282,[174 175 173 ...  13  13  12],arabic
1283,[150 150 150 ... 155 155 154],cyrillic
1284,[ 99  98 100 ...  91  90  88],cyrillic
1285,[255 255 255 ... 242 255 255],english
1286,[57 57 61 ... 12  0  3],arabic
1287,[255 255 255 ... 255 255 255],english
1288,[255 255 255 ... 255 255 255],english
1289,[157 166 173 ...   7   6   7],arabic
1290,[255 255 255 ... 255 255 255],english
1291,[77 75 81 ... 30 31 31],arabic
1292,[37 69 76 ... 41 38 41],arabic
1293,[175 173 170 ... 154 163 159],cyrillic
1294,[152 154 153 ... 126 125 123],arabic
1295,[116 117 116 ...  77  73  72],arabic
1296,[ 76  88 137 ... 145 159 153],cyrillic
1297,[45 49 44 ... 36 31 20],arabic
1298,[255 255 255 ... 255 255 255],english
1299,[25 25 27 ... 97 91 72],arabic
1300,[154 154 154 ... 149 150 151],cyrillic
1301,[238 237 237 ... 226 222 218],cyrillic
1302,[145 150 153 ... 157 157 157],cyrillic
1303,[12 15 16 ...  3  3  3],arabic
1304,[117 120 119 ... 111 110 112],cyrillic
1305,[172 255 255 ... 255 255 255],english
1306,[27 27 27 ... 22 22 22],arabic
1307,[255 255 255 ... 255 255 255],english
1308,[143 145 146 ...   0   0   0],arabic
1309,[12 16 13 ... 16 24 13],arabic
1310,[254 254 254 ... 255 255 255],english
1311,[120 120 119 ... 110 110 110],cyrillic
1312,[255 255 255 ... 255 255 255],english
1313,[201 200 198 ... 209 208 206],cyrillic
1314,[193 194 194 ... 255 255 255],cyrillic
1315,[111 109 110 ... 128 133 134],cyrillic
1316,[ 28  29  28 ... 112 112 112],arabic
1317,[255 255 255 ... 254 254 254],cyrillic
1318,[198 198 199 ... 213 213 212],cyrillic
1319,[255 255 255 ... 237 218 189],english
1320,[161 161 161 ... 155 156 156],cyrillic
1321,[255 255 255 ... 255 255 255],cyrillic
1322,[255 255 255 ... 255 255 255],cyrillic
1323,[53 51 54 ... 48 43 46],arabic
1324,[255 255 255 ... 255 255 255],english
1325,[255 255 255 ... 211 245 244],english
1326,[137 137 136 ... 155 157 156],cyrillic
1327,[246 244 188 ... 255 255 255],english
1328,[255 255 255 ... 255 255 255],english
1329,[251 248 201 ... 255 255 255],english
1330,[151 150 154 ... 163 165 160],cyrillic
1331,[255 255 255 ... 255 255 255],cyrillic
1332,[205 202 199 ... 203 196 191],cyrillic
1333,[252 254 255 ... 252 251 254],cyrillic
1334,[234 236 234 ... 132 133 149],cyrillic
1335,[255 255 255 ... 255 255 255],english
1336,[201 251 251 ... 255 255 255],english
1337,[ 46 203 155 ... 255 254 254],cyrillic
1338,[255 255 255 ... 255 255 255],english
1339,[255 255 255 ... 255 255 255],english
1340,[255 255 255 ... 255 255 255],english
1341,[230 228 220 ... 237 236 237],cyrillic
1342,[255 255 255 ...  85  86 246],cyrillic
1343,[255 255 255 ... 255 255 255],cyrillic
1344,[255 255 255 ... 255 255 255],english
1345,[254 254 255 ... 254 254 254],cyrillic
1346,[255 255 255 ... 255 255 255],english
1347,[151 151 151 ... 150 152 155],cyrillic
1348,[255 255 255 ... 255 255 255],english
1349,[166 170 161 ...  67 119 163],cyrillic
1350,[ 79  77  62 ... 124 122 118],arabic
1351,[72 66 61 ... 18 12  1],arabic
1352,[220 218 219 ... 185 184 186],cyrillic
1353,[255 255 255 ... 255 255 255],english
1354,[221 224 232 ... 230 228 226],cyrillic
1355,[255 255 255 ... 255 255 255],english
1356,[255 255 255 ... 251 251 250],english
1357,[255 255 255 ... 255 255 255],english
1358,[252 252 252 ... 252 252 252],cyrillic
1359,[48 17 15 ...  4  4  5],arabic
1360,[53 58 61 ... 50 54 61],arabic
1361,[255 255 255 ... 255 255 255],english
1362,[255 255 255 ... 255 255 255],english
1363,[117 120 120 ... 210 209 209],arabic
1364,[141 131 167 ... 246 250 251],english
1365,[142 139 140 ... 122 122 118],cyrillic
1366,[147 142 140 ... 152 156 158],cyrillic
1367,[252 252 252 ... 252 252 252],cyrillic
1368,[205 220 254 ... 255 255 255],english
1369,[255 255 255 ... 255 255 255],english
1370,[255 255 255 ... 255 255 255],english
1371,[255 255 255 ... 255 255 255],english
1372,[255 255 255 ... 255 255 255],english
1373,[131 136 132 ... 197 199 202],arabic
1374,[255 255 255 ... 255 255 255],english
1375,[24 26 20 ... 23 25 24],arabic
1376,[255 255 255 ... 255 255 255],english
1377,[192 192 192 ... 177 179 155],cyrillic
1378,[162 160 159 ... 131 131 130],cyrillic
1379,[249 253 195 ... 255 255 255],english
1380,[255 255 255 ... 255 255 255],english
1381,[101 107 114 ...  65  65  74],arabic
1382,[61 58 71 ...  2  2  3],arabic
1383,[243 247 248 ... 252 252 252],cyrillic
1384,[13 13 15 ...  6  6  6],arabic
1385,[141 146 142 ... 140 141 141],cyrillic
1386,[140 139 141 ...  54  51  52],arabic
1387,[216  94  42 ... 176 159  95],arabic
1388,[83 86 80 ... 58 60 62],arabic
1389,[169 175 171 ... 125 126 127],arabic
1390,[ 16  15  15 ... 209 205 204],arabic
1391,[255 255 255 ... 255 255 255],english
1392,[160 161 162 ... 161 161 161],cyrillic
1393,[169 169 167 ... 203 202 205],cyrillic
1394,[248 245 244 ... 255 255 255],english
1395,[145 154 148 ... 159 159 158],cyrillic
1396,[  8  19  85 ... 255 255 255],cyrillic
1397,[255 255 255 ... 251 251 255],english
1398,[19 16 17 ... 19 18 14],arabic
1399,[ 7  7 10 ... 17 21 21],arabic
1400,[195 197 200 ... 209 209 209],cyrillic
1401,[220 221 222 ... 194 186 186],cyrillic
1402,[21 22 18 ... 26 17 12],arabic
1403,[111 110 110 ...  24  23  24],arabic
1404,[ 46  52  68 ... 234 233 231],arabic
1405,[255 255 255 ... 255 255 255],english
1406,[52 52 55 ... 73 75 77],arabic
1407,[255 255 255 ... 255 255 255],english
1408,[240 237 238 ... 244 244 241],cyrillic
1409,[255 255 255 ... 255 255 255],english
1410,[145 145 142 ...  96  90  95],arabic
1411,[251 251 252 ... 249 250 250],english
1412,[ 17  18  18 ... 164 165 164],arabic
1413,[145 145 145 ... 151 151 151],cyrillic
1414,[233 233 232 ... 231 231 232],cyrillic
1415,[48 52 56 ... 31 27 25],arabic
1416,[142 141 142 ... 142 138 137],cyrillic
1417,[255 255 255 ... 255 255 255],english
1418,[29 18 16 ... 17 17 16],arabic
1419,[226 250 255 ... 255 255 255],english
1420,[42 43 44 ... 45 44 44],arabic
1421,[127 129 131 ...  43  45  43],arabic
1422,[255 253 254 ... 255 255 255],english
1423,[ 22  22  21 ... 116 117 115],arabic
1424,[253 210 244 ... 255 255 255],english
1425,[186 134 165 ... 200 203 191],cyrillic
1426,[255 255 255 ... 255 255 255],english
1427,[160 160 160 ... 160 160 160],cyrillic
1428,[123 115 122 ... 112 111 114],cyrillic
1429,[119 117 121 ... 144 145 146],cyrillic
1430,[135 152 152 ...  75  64 110],cyrillic
1431,[245 241 243 ... 242 243 243],cyrillic
1432,[129 129 127 ... 123 117 119],arabic
1433,[19 19 18 ...  4  4  4],arabic
1434,[251 251 251 ... 255 255 255],english
1435,[255 255 255 ... 255 255 255],english
1436,[203 203 206 ... 212 212 213],cyrillic
1437,[251 249 253 ... 255 255 255],cyrillic
1438,[34 37 37 ... 33 33 30],arabic
1439,[126 174 165 ... 150 170 173],cyrillic
1440,[250 166 244 ... 255 255 255],english
1441,[255 255 255 ... 255 255 255],english
1442,[145 146 146 ... 153 153 152],cyrillic
1443,[255 255 255 ... 255 255 255],english
1444,[ 56  58  55 ... 170 169 167],arabic
1445,[56 56 61 ... 83 79 75],arabic
1446,[255 255 255 ...  68  69  70],arabic
1447,[255 255 255 ... 255 255 255],english
1448,[61 34 25 ... 42 44 46],arabic
1449,[238 239 240 ... 224 219 220],cyrillic
1450,[82 83 82 ... 16 16 26],arabic
1451,[255 255 255 ... 255 255 255],english
1452,[24 24 19 ... 79 52 83],arabic
1453,[255 255 255 ... 251 255 255],english
1454,[225 227 228 ... 255 255 255],cyrillic
1455,[255 255 255 ... 252 234 144],english
1456,[200 203 199 ... 188 190 205],cyrillic
1457,[251 253 232 ... 255 255 255],english
1458,[160 160 156 ... 154 154 152],cyrillic
1459,[251 251 158 ... 255 255 255],english
1460,[242 255 255 ... 255 255 255],english
1461,[76 76 74 ... 80 85 82],arabic
1462,[255 255 255 ... 255 255 255],english
1463,[255 255 255 ... 255 255 255],english
1464,[255 255 255 ... 255 255 255],english
1465,[145 150 148 ... 154 153 155],cyrillic
1466,[76 78 77 ... 58 89 84],arabic
1467,[251 252 238 ... 255 255 255],english
1468,[255 255 255 ... 255 255 255],english
1469,[47 99 98 ... 64 70 68],arabic
1470,[161 163 165 ... 151 153 154],arabic
1471,[171 214 215 ... 166 196 199],cyrillic
1472,[109 106 103 ...  67  55  54],arabic
1473,[252 252 252 ... 252 252 252],cyrillic
1474,[103  96  90 ...  62  43  46],arabic
1475,[251 251 251 ... 221 234 252],english
1476,[185 184 193 ... 164 168 173],cyrillic
1477,[ 63  33  64 ... 139 134 130],arabic
1478,[255 255 255 ... 255 255 255],english
1479,[153 154 154 ... 169 169 168],cyrillic
1480,[ 25  35  49 ... 144 144 143],arabic
1481,[223 238 253 ... 213 249 250],english
1482,[241 246 250 ... 254 254 254],cyrillic
1483,[19 20 20 ... 19 18 18],arabic
1484,[251 251 251 ... 255 255 255],english
1485,[0 0 0 ... 0 0 0],cyrillic
1486,[154 153 152 ... 155 158 160],cyrillic
1487,[27 26 25 ...  3  3  3],arabic
1488,[130 134 132 ... 139 139 139],cyrillic
1489,[50 51 50 ... 44 41 37],arabic
1490,[252 252 252 ... 252 252 252],cyrillic
1491,[128 129 132 ... 110 109 112],arabic
1492,[22 23 24 ...  9  8  8],arabic
1493,[255 255 255 ... 255 255 255],cyrillic
1494,[255 255 255 ... 253 253 253],cyrillic
1495,[158 159 159 ... 168 168 169],cyrillic
1496,[251 251 246 ... 239 244 253],cyrillic
1497,[255 255 255 ... 255 255 255],english
1498,[182 179 175 ... 174 173 172],cyrillic
1499,[250 249 249 ... 232 230 249],cyrillic
